SEP=,
1,INTEGRITY VERIFICATION:,4ba209dddf9c498de784d623b69a3feb
-
,MATCH OVERVIEW
,Match ID,Timestamp,Team 1,Team 2,Gamemode,Gametype,Map,Winner,Team 1 Score,Team 2 Score,ATK at Start,Team 1 ATK Wins,Team 1 DEF Wins,Team 2 ATK Wins,Team 2 DEF Wins,Team 1 Score at Half,Team 2 Score at Half,Team 1 ATK Op Ban,Team 1 DEF Op Ban,Team 2 ATK Op Ban,Team 2 DEF Op Ban
1,22d4cd40-50b4-4091-856c-297a46d526ae,2024-07-20 06:17:28,undefined,undefined,Ranked,Bomb,Club House,undefined,2,4,undefined,2,0,2,2,1,2,Dokkaebi,Azami,No Ban,Fenrir
-
,MATCH PERFORMANCE
,Match ID,Team,Player,Player Rating,ATK Rating,DEF Rating,K-D (+/-),Entry (+/-),Trade Diff,KOST,KPR,SRV,HS%,ATK Op,DEF Op,Kills,Refrags,Headshots,Last Alive,1vX Clutch,Multikill Rounds,Deaths,Traded Deaths,Traded by Enemy,Opening Kills,Opening Deaths,Planted Defuser,Disabled Defuser,Teamkills,In-game Points,
1,22d4cd40-50b4-4091-856c-297a46d526ae,undefined,CatNipleColectr,0.75,0.99,0.24,2-4 (-2),0-1 (-1),4-3 (+1),0.67,0.33,0.33,0,-,-,2,1,0,0,0,0,4,1,0,0,1,0,0,0,1220,
2,22d4cd40-50b4-4091-856c-297a46d526ae,undefined,Fear-Xykr,0.35,0.37,0.24,0-5 (-5),0-0 (+0),0-3 (-3),0.5,0.00,0.17,0,-,-,0,0,0,0,0,0,5,1,0,0,0,0,0,0,1000,
3,22d4cd40-50b4-4091-856c-297a46d526ae,undefined,Finish.it,1.09,0.84,1.50,3-3 (+0),0-0 (+0),3-2 (+1),0.83,0.50,0.5,0,-,-,3,1,0,1,1,1,3,0,1,0,0,1,1,0,1545,
4,22d4cd40-50b4-4091-856c-297a46d526ae,undefined,kidtrooper_101,0.75,0.57,1.11,2-4 (-2),1-1 (+0),3-4 (-1),0.67,0.33,0.33,0,-,-,2,0,0,0,0,0,4,0,0,1,1,0,0,0,1235,
5,22d4cd40-50b4-4091-856c-297a46d526ae,undefined,Lion.Is.Ez,0.51,0.76,0.00,2-6 (-4),1-1 (+0),1-4 (-3),0.5,0.33,0,0,-,Lesion,2,0,0,0,0,1,6,1,1,1,1,0,0,0,1281,
6,22d4cd40-50b4-4091-856c-297a46d526ae,undefined,Angry.Hive,1.23,1.29,1.11,4-2 (+2),0-0 (+0),3-2 (+1),0.83,0.67,0.67,0,Buck,Castle,4,1,0,0,0,1,2,0,0,0,0,0,0,0,3965,
7,22d4cd40-50b4-4091-856c-297a46d526ae,undefined,dimes..,1.43,1.71,0.87,5-1 (+4),0-1 (-1),5-1 (+4),0.83,0.83,0.83,0,Hibana,Melusi,5,1,0,0,0,1,1,0,0,0,1,0,0,0,4309,
8,22d4cd40-50b4-4091-856c-297a46d526ae,undefined,Dough._.,1.80,1.65,2.07,8-2 (+6),2-0 (+2),4-2 (+2),1,1.33,0.67,0,Sledge,Lesion,8,0,0,0,0,3,2,0,3,2,0,0,0,0,4130,
9,22d4cd40-50b4-4091-856c-297a46d526ae,undefined,Pharside.,1.39,1.06,2.07,4-1 (+3),0-0 (+0),3-0 (+3),1,0.67,0.83,0,Grim,Mira,4,0,0,0,0,1,1,1,0,0,0,0,0,0,4005,
10,22d4cd40-50b4-4091-856c-297a46d526ae,undefined,TMusician,0.84,0.37,1.72,2-3 (-1),1-0 (+1),2-2 (+0),0.67,0.33,0.5,0,Ram,Wamai,2,0,0,0,0,0,3,1,0,1,0,0,0,0,3810,
-
,PLAYER ROUNDS DATA
,Match ID,Team,Player,Round,Map,Site,Side,Result,Victory Type,Operator,Kills,Refrags,Headshots,Last Alive,1vX,Death,Traded Death,Traded by Enemy,Opening Kill,Opening Death,Planted Defuser,Disabled Defuser,Teamkills,In-game Points,
1,22d4cd40-50b4-4091-856c-297a46d526ae,undefined,CatNipleColectr,1,Club House,unknown,Attacker,Win,DefuserDeactivated,-,1,1,0,0,0,1,0,0,0,0,0,0,0,290,
2,22d4cd40-50b4-4091-856c-297a46d526ae,undefined,CatNipleColectr,2,Club House,unknown,Defender,Loss,DefendersEliminatedAfter,-,0,0,0,0,0,1,0,0,0,0,0,0,0,290,
3,22d4cd40-50b4-4091-856c-297a46d526ae,undefined,CatNipleColectr,3,Club House,unknown,Defender,Loss,DefendersEliminatedAfter,-,0,0,0,0,0,1,1,0,0,1,0,0,0,190,
4,22d4cd40-50b4-4091-856c-297a46d526ae,undefined,CatNipleColectr,4,Club House,church_arsenal,Attacker,Loss,AttackersEliminated,-,0,0,0,0,0,1,0,0,0,0,0,0,0,40,
5,22d4cd40-50b4-4091-856c-297a46d526ae,undefined,CatNipleColectr,5,Club House,gym_bedroom,Attacker,Loss,AttackersEliminated,-,1,0,0,0,0,0,0,0,0,0,0,0,0,160,
6,22d4cd40-50b4-4091-856c-297a46d526ae,undefined,CatNipleColectr,6,Club House,unknown,Attacker,Win,unknown,-,0,0,0,0,0,0,0,0,0,0,0,0,0,250,
7,22d4cd40-50b4-4091-856c-297a46d526ae,undefined,Fear-Xykr,1,Club House,unknown,Attacker,Win,DefuserDeactivated,-,0,0,0,0,0,1,1,0,0,0,0,0,0,147,
8,22d4cd40-50b4-4091-856c-297a46d526ae,undefined,Fear-Xykr,2,Club House,unknown,Defender,Loss,DefendersEliminatedAfter,-,0,0,0,0,0,0,0,0,0,0,0,0,0,245,
9,22d4cd40-50b4-4091-856c-297a46d526ae,undefined,Fear-Xykr,3,Club House,unknown,Defender,Loss,DefendersEliminatedAfter,-,0,0,0,0,0,2,0,0,0,0,0,0,0,160,
10,22d4cd40-50b4-4091-856c-297a46d526ae,undefined,Fear-Xykr,4,Club House,church_arsenal,Attacker,Loss,AttackersEliminated,-,0,0,0,0,0,1,0,0,0,0,0,0,0,120,
11,22d4cd40-50b4-4091-856c-297a46d526ae,undefined,Fear-Xykr,5,Club House,gym_bedroom,Attacker,Loss,AttackersEliminated,-,0,0,0,0,0,1,0,0,0,0,0,0,0,78,
12,22d4cd40-50b4-4091-856c-297a46d526ae,undefined,Fear-Xykr,6,Club House,unknown,Attacker,Win,unknown,-,0,0,0,0,0,0,0,0,0,0,0,0,0,250,
13,22d4cd40-50b4-4091-856c-297a46d526ae,undefined,Finish.it,1,Club House,unknown,Attacker,Win,DefuserDeactivated,-,1,0,0,1,1,0,0,0,0,0,0,0,0,335,
14,22d4cd40-50b4-4091-856c-297a46d526ae,undefined,Finish.it,2,Club House,unknown,Defender,Loss,DefendersEliminatedAfter,-,0,0,0,0,0,1,0,1,0,0,1,1,0,390,
15,22d4cd40-50b4-4091-856c-297a46d526ae,undefined,Finish.it,3,Club House,unknown,Defender,Loss,DefendersEliminatedAfter,-,2,1,0,0,0,0,0,0,0,0,0,0,0,370,
16,22d4cd40-50b4-4091-856c-297a46d526ae,undefined,Finish.it,4,Club House,church_arsenal,Attacker,Loss,AttackersEliminated,-,0,0,0,0,0,0,0,0,0,0,0,0,0,60,
17,22d4cd40-50b4-4091-856c-297a46d526ae,undefined,Finish.it,5,Club House,gym_bedroom,Attacker,Loss,AttackersEliminated,-,0,0,0,0,0,2,0,0,0,0,0,0,0,140,
18,22d4cd40-50b4-4091-856c-297a46d526ae,undefined,Finish.it,6,Club House,unknown,Attacker,Win,unknown,-,0,0,0,0,0,0,0,0,0,0,0,0,0,250,
19,22d4cd40-50b4-4091-856c-297a46d526ae,undefined,kidtrooper_101,1,Club House,unknown,Attacker,Win,DefuserDeactivated,-,0,0,0,0,0,1,0,0,0,0,0,0,0,190,
20,22d4cd40-50b4-4091-856c-297a46d526ae,undefined,kidtrooper_101,2,Club House,unknown,Defender,Loss,DefendersEliminatedAfter,-,1,0,0,0,0,1,0,0,0,0,0,0,0,385,
21,22d4cd40-50b4-4091-856c-297a46d526ae,undefined,kidtrooper_101,3,Club House,unknown,Defender,Loss,DefendersEliminatedAfter,-,0,0,0,0,0,0,0,0,0,0,0,0,0,180,
22,22d4cd40-50b4-4091-856c-297a46d526ae,undefined,kidtrooper_101,4,Club House,church_arsenal,Attacker,Loss,AttackersEliminated,-,0,0,0,0,0,1,0,0,0,1,0,0,0,50,
23,22d4cd40-50b4-4091-856c-297a46d526ae,undefined,kidtrooper_101,5,Club House,gym_bedroom,Attacker,Loss,AttackersEliminated,-,1,0,0,0,0,1,0,0,1,0,0,0,0,180,
24,22d4cd40-50b4-4091-856c-297a46d526ae,undefined,kidtrooper_101,6,Club House,unknown,Attacker,Win,unknown,-,0,0,0,0,0,0,0,0,0,0,0,0,0,250,
25,22d4cd40-50b4-4091-856c-297a46d526ae,undefined,Lion.Is.Ez,1,Club House,unknown,Attacker,Win,DefuserDeactivated,-,2,0,0,0,0,1,0,1,1,0,0,0,0,465,
26,22d4cd40-50b4-4091-856c-297a46d526ae,undefined,Lion.Is.Ez,2,Club House,unknown,Defender,Loss,DefendersEliminatedAfter,Lesion,0,0,0,0,0,1,0,0,0,1,0,0,0,-220,
27,22d4cd40-50b4-4091-856c-297a46d526ae,undefined,Lion.Is.Ez,3,Club House,unknown,Defender,Loss,DefendersEliminatedAfter,-,0,0,0,0,0,2,1,0,0,0,0,0,0,630,
28,22d4cd40-50b4-4091-856c-297a46d526ae,undefined,Lion.Is.Ez,4,Club House,church_arsenal,Attacker,Loss,AttackersEliminated,-,0,0,0,0,0,1,0,0,0,0,0,0,0,81,
29,22d4cd40-50b4-4091-856c-297a46d526ae,undefined,Lion.Is.Ez,5,Club House,gym_bedroom,Attacker,Loss,AttackersEliminated,-,0,0,0,0,0,1,0,0,0,0,0,0,0,75,
30,22d4cd40-50b4-4091-856c-297a46d526ae,undefined,Lion.Is.Ez,6,Club House,unknown,Attacker,Win,unknown,-,0,0,0,0,0,0,0,0,0,0,0,0,0,250,
31,22d4cd40-50b4-4091-856c-297a46d526ae,undefined,Angry.Hive,1,Club House,unknown,Defender,Loss,DefuserDeactivated,Buck,0,0,0,0,0,1,0,0,0,0,0,0,0,30,
32,22d4cd40-50b4-4091-856c-297a46d526ae,undefined,Angry.Hive,2,Club House,unknown,Attacker,Win,DefendersEliminatedAfter,Buck,1,1,0,0,0,0,0,0,0,0,0,0,0,235,
33,22d4cd40-50b4-4091-856c-297a46d526ae,undefined,Angry.Hive,3,Club House,unknown,Attacker,Win,DefendersEliminatedAfter,Buck,2,0,0,0,0,0,0,0,0,0,0,0,0,400,
34,22d4cd40-50b4-4091-856c-297a46d526ae,undefined,Angry.Hive,4,Club House,church_arsenal,Defender,Win,AttackersEliminated,Kaid,0,0,0,0,0,0,0,0,0,0,0,0,0,240,
35,22d4cd40-50b4-4091-856c-297a46d526ae,undefined,Angry.Hive,5,Club House,gym_bedroom,Defender,Win,AttackersEliminated,Castle,1,0,0,0,0,1,0,0,0,0,0,0,0,635,
36,22d4cd40-50b4-4091-856c-297a46d526ae,undefined,Angry.Hive,6,Club House,unknown,Defender,Loss,unknown,Castle,0,0,0,0,0,0,0,0,0,0,0,0,0,2425,
37,22d4cd40-50b4-4091-856c-297a46d526ae,undefined,dimes..,1,Club House,unknown,Defender,Loss,DefuserDeactivated,Thermite,2,1,0,0,0,0,0,0,0,0,0,0,0,440,
38,22d4cd40-50b4-4091-856c-297a46d526ae,undefined,dimes..,2,Club House,unknown,Attacker,Win,DefendersEliminatedAfter,Hibana,1,0,0,0,0,0,0,0,0,0,0,0,0,356,
39,22d4cd40-50b4-4091-856c-297a46d526ae,undefined,dimes..,3,Club House,unknown,Attacker,Win,DefendersEliminatedAfter,Hibana,1,0,0,0,0,0,0,0,0,0,0,0,0,438,
40,22d4cd40-50b4-4091-856c-297a46d526ae,undefined,dimes..,4,Club House,church_arsenal,Defender,Win,AttackersEliminated,JÃ¤ger,1,0,0,0,0,0,0,0,0,0,0,0,0,345,
41,22d4cd40-50b4-4091-856c-297a46d526ae,undefined,dimes..,5,Club House,gym_bedroom,Defender,Win,AttackersEliminated,Melusi,0,0,0,0,0,1,0,0,0,1,0,0,0,380,
42,22d4cd40-50b4-4091-856c-297a46d526ae,undefined,dimes..,6,Club House,unknown,Defender,Loss,unknown,Melusi,0,0,0,0,0,0,0,0,0,0,0,0,0,2350,
43,22d4cd40-50b4-4091-856c-297a46d526ae,undefined,Dough._.,1,Club House,unknown,Defender,Loss,DefuserDeactivated,Sledge,1,0,0,0,0,1,0,1,0,0,0,0,0,165,
44,22d4cd40-50b4-4091-856c-297a46d526ae,undefined,Dough._.,2,Club House,unknown,Attacker,Win,DefendersEliminatedAfter,Sledge,2,0,0,0,0,0,0,0,1,0,0,0,0,300,
45,22d4cd40-50b4-4091-856c-297a46d526ae,undefined,Dough._.,3,Club House,unknown,Attacker,Win,DefendersEliminatedAfter,Jackal,2,0,0,0,0,1,0,2,1,0,0,0,0,360,
46,22d4cd40-50b4-4091-856c-297a46d526ae,undefined,Dough._.,4,Club House,church_arsenal,Defender,Win,AttackersEliminated,Lesion,1,0,0,0,0,0,0,0,0,0,0,0,0,435,
47,22d4cd40-50b4-4091-856c-297a46d526ae,undefined,Dough._.,5,Club House,gym_bedroom,Defender,Win,AttackersEliminated,Lesion,2,0,0,0,0,0,0,0,0,0,0,0,0,520,
48,22d4cd40-50b4-4091-856c-297a46d526ae,undefined,Dough._.,6,Club House,unknown,Defender,Loss,unknown,Lesion,0,0,0,0,0,0,0,0,0,0,0,0,0,2350,
49,22d4cd40-50b4-4091-856c-297a46d526ae,undefined,Pharside.,1,Club House,unknown,Defender,Loss,DefuserDeactivated,Finka,1,0,0,0,0,1,1,0,0,0,0,0,0,275,
50,22d4cd40-50b4-4091-856c-297a46d526ae,undefined,Pharside.,2,Club House,unknown,Attacker,Win,DefendersEliminatedAfter,Grim,0,0,0,0,0,0,0,0,0,0,0,0,0,110,
51,22d4cd40-50b4-4091-856c-297a46d526ae,undefined,Pharside.,3,Club House,unknown,Attacker,Win,DefendersEliminatedAfter,Grim,0,0,0,0,0,0,0,0,0,0,0,0,0,180,
52,22d4cd40-50b4-4091-856c-297a46d526ae,undefined,Pharside.,4,Club House,church_arsenal,Defender,Win,AttackersEliminated,Mira,2,0,0,0,0,0,0,0,0,0,0,0,0,565,
53,22d4cd40-50b4-4091-856c-297a46d526ae,undefined,Pharside.,5,Club House,gym_bedroom,Defender,Win,AttackersEliminated,Mira,1,0,0,0,0,0,0,0,0,0,0,0,0,525,
54,22d4cd40-50b4-4091-856c-297a46d526ae,undefined,Pharside.,6,Club House,unknown,Defender,Loss,unknown,Mira,0,0,0,0,0,0,0,0,0,0,0,0,0,2350,
55,22d4cd40-50b4-4091-856c-297a46d526ae,undefined,TMusician,1,Club House,unknown,Defender,Loss,DefuserDeactivated,Ash,0,0,0,0,0,1,0,0,0,0,0,0,0,30,
56,22d4cd40-50b4-4091-856c-297a46d526ae,undefined,TMusician,2,Club House,unknown,Attacker,Win,DefendersEliminatedAfter,Ram,0,0,0,0,0,1,1,0,0,0,0,0,0,70,
57,22d4cd40-50b4-4091-856c-297a46d526ae,undefined,TMusician,3,Club House,unknown,Attacker,Win,DefendersEliminatedAfter,Ram,0,0,0,0,0,1,0,0,0,0,0,0,0,150,
58,22d4cd40-50b4-4091-856c-297a46d526ae,undefined,TMusician,4,Club House,church_arsenal,Defender,Win,AttackersEliminated,Kapkan,1,0,0,0,0,0,0,0,1,0,0,0,0,550,
59,22d4cd40-50b4-4091-856c-297a46d526ae,undefined,TMusician,5,Club House,gym_bedroom,Defender,Win,AttackersEliminated,Wamai,1,0,0,0,0,0,0,0,0,0,0,0,0,560,
60,22d4cd40-50b4-4091-856c-297a46d526ae,undefined,TMusician,6,Club House,unknown,Defender,Loss,unknown,Wamai,0,0,0,0,0,0,0,0,0,0,0,0,0,2450,
61,
62,
63,
64,
65,
66,
67,
68,
69,
70,
71,
72,
73,
74,
75,
76,
77,
78,
79,
80,
81,
82,
83,
84,
85,
86,
87,
88,
89,
90,
91,
92,
93,
94,
95,
96,
97,
98,
99,
100,
101,
102,
103,
104,
105,
106,
107,
108,
109,
110,
111,
112,
113,
114,
115,
116,
117,
118,
119,
120,
121,
122,
123,
124,
125,
126,
127,
128,
129,
130,
131,
132,
133,
134,
135,
136,
137,
138,
139,
140,
141,
142,
143,
144,
145,
146,
147,
148,
149,
150,
-
